,사고번호,발생일시,발생요일,발생시군구,사고내용,사망자수,중상자수,경상자수,부상신고자수,사고유형,법규위반,노면상태,기상상태,도로형태,가해운전자 차종,가해운전자 성별,가해운전자 연령,가해운전자 상해정도,피해운전자 차종,피해운전자 성별,피해운전자 연령,피해운전자 상해정도,위도,경도
0,2010000000000000,2013년 1월 2일 21시,수요일,부산광역시 연제구 연산동,경상사고,0,0,3,0,차대차 - 기타,안전운전불이행,포장 - 건조,맑음,교차로 - 교차로부근,승용,남,57세,상해없음,승용,남,56세,경상,35.185899,129.093025
1,2010000000000000,2013년 1월 24일 16시,목요일,부산광역시 연제구 거제동,중상사고,0,1,0,0,차대차 - 추돌 - 주정차중,안전운전불이행,포장 - 건조,맑음,단일로 - 기타,승용,남,43세,상해없음,승용,남,30세,중상,35.198858,129.078484
2,2010000000000000,2013년 1월 30일 21시,수요일,부산광역시 연제구 연산동,경상사고,0,0,1,0,차대차 - 기타,중앙선침범,포장 - 건조,맑음,단일로 - 기타,승용,남,31세,상해없음,승용,남,52세,경상,35.191192,129.099646
3,2010000000000000,2013년 2월 12일 07시,화요일,부산광역시 연제구 연산동,경상사고,0,0,1,0,차대차 - 기타,안전운전불이행,포장 - 건조,맑음,단일로 - 기타,승용,남,35세,상해없음,승용,여,40세,경상,35.184512,129.10662
4,2010000000000000,2013년 2월 14일 04시,목요일,부산광역시 연제구 연산동,중상사고,0,1,0,0,차대차 - 추돌 - 주정차중,안전운전불이행,포장 - 건조,맑음,교차로 - 교차로부근,승용,남,33세,상해없음,이륜,남,36세,중상,35.192134,129.089468
5,2010000000000000,2013년 2월 18일 23시,월요일,부산광역시 연제구 연산동,경상사고,0,0,1,0,차대차 - 추돌 - 진행중,안전운전불이행,포장 - 건조,맑음,단일로 - 기타,화물,남,30세,상해없음,승용,남,69세,경상,35.181479,129.083754
6,2010000000000000,2013년 2월 27일 05시,수요일,부산광역시 연제구 연산동,경상사고,0,0,3,0,차대차 - 정면충돌,중앙선침범,포장 - 건조,맑음,교차로 - 교차로안,승용,남,41세,상해없음,승용,여,38세,경상,35.186068,129.082009
7,2010000000000000,2013년 3월 5일 19시,화요일,부산광역시 연제구 거제동,경상사고,0,0,1,0,차대차 - 추돌 - 주정차중,안전운전불이행,포장 - 건조,맑음,교차로 - 교차로부근,승합,남,52세,상해없음,승용,남,46세,경상,35.1989,129.078478
8,2010000000000000,2013년 3월 9일 23시,토요일,부산광역시 연제구 연산동,경상사고,0,0,3,0,차대차 - 추돌 - 주정차중,안전운전불이행,포장 - 건조,흐림,단일로 - 기타,승용,남,29세,상해없음,승용,남,55세,경상,35.184477,129.106571
9,2010000000000000,2013년 3월 11일 01시,월요일,부산광역시 연제구 연산동,경상사고,0,0,2,0,차대차 - 측면직각충돌,중앙선침범,포장 - 건조,맑음,단일로 - 기타,승용,여,30세,상해없음,승용,남,58세,경상,35.183168,129.07939
10,2010000000000000,2013년 3월 21일 19시,목요일,부산광역시 연제구 거제동,부상신고사고,0,0,0,1,차량단독 - 전도전복,안전운전불이행,포장 - 건조,흐림,단일로 - 기타,이륜,남,58세,부상신고,,,,,35.181785,129.069518
11,2010000000000000,2013년 3월 28일 02시,목요일,부산광역시 연제구 연산동,경상사고,0,0,3,0,차대차 - 측면직각충돌,안전운전불이행,포장 - 건조,맑음,단일로 - 기타,승용,남,26세,기타불명,승용,남,50세,경상,35.185825,129.083919
12,2010000000000000,2013년 4월 5일 21시,금요일,부산광역시 연제구 연산동,경상사고,0,0,1,0,차대차 - 측면직각충돌,안전운전불이행,포장 - 건조,맑음,교차로 - 교차로부근,승용,여,40세,상해없음,승용,남,69세,경상,35.184425,129.113622
13,2010000000000000,2013년 4월 13일 06시,토요일,부산광역시 연제구 연산동,중상사고,0,1,0,0,차대차 - 추돌 - 진행중,신호위반,포장 - 건조,맑음,교차로 - 교차로안,승용,남,29세,상해없음,화물,남,55세,중상,35.179806,129.076632
14,2010000000000000,2013년 4월 18일 18시,목요일,부산광역시 연제구 거제동,경상사고,0,0,1,0,차대차 - 추돌 - 진행중,안전운전불이행,포장 - 건조,맑음,단일로 - 기타,승용,남,43세,상해없음,승용,남,67세,경상,35.1886,129.06821
15,2010000000000000,2013년 4월 20일 06시,토요일,부산광역시 연제구 연산동,경상사고,0,0,2,0,차대차 - 측면직각충돌,교차로운행방법위반,포장 - 건조,흐림,교차로 - 교차로부근,승용,남,28세,상해없음,승용,여,56세,경상,35.185667,129.086205
16,2010000000000000,2013년 4월 26일 20시,금요일,부산광역시 연제구 거제동,경상사고,0,0,4,0,차대차 - 추돌 - 진행중,안전운전불이행,포장 - 건조,흐림,단일로 - 기타,승용,남,27세,상해없음,승용,남,39세,경상,35.18241,129.070079
17,2010000000000000,2013년 4월 26일 22시,금요일,부산광역시 연제구 거제동,중상사고,0,1,0,0,차대차 - 추돌 - 주정차중,중앙선침범,포장 - 건조,흐림,교차로 - 교차로안,승용,남,24세,상해없음,승용,남,51세,중상,35.188727,129.073615
18,2010000000000000,2013년 4월 28일 11시,일요일,부산광역시 연제구 연산동,경상사고,0,0,1,0,차대차 - 정면충돌,중앙선침범,포장 - 건조,맑음,단일로 - 기타,승용,여,39세,상해없음,승용,여,36세,경상,35.186921,129.087343
19,2010000000000000,2013년 4월 29일 03시,월요일,부산광역시 연제구 거제동,중상사고,0,1,1,0,차대차 - 기타,신호위반,포장 - 건조,맑음,단일로 - 횡단보도부근,원동기,남,18세,상해없음,자전거,남,29세,중상,35.179967,129.069157
20,2010000000000000,2013년 5월 2일 23시,목요일,부산광역시 연제구 거제동,경상사고,0,0,2,0,차대차 - 기타,안전운전불이행,포장 - 습기,비,단일로 - 기타,승용,남,27세,상해없음,승용,남,37세,경상,35.198756,129.07855
21,2010000000000000,2013년 5월 9일 04시,목요일,부산광역시 연제구 연산동,경상사고,0,0,2,0,차대차 - 추돌 - 진행중,안전거리미확보,포장 - 습기,비,교차로 - 교차로부근,승용,남,53세,상해없음,승용,남,23세,경상,35.188266,129.084476
22,2010000000000000,2013년 5월 10일 00시,금요일,부산광역시 연제구 연산동,사망사고,1,0,0,0,차대사람 - 횡단중,안전운전불이행,포장 - 습기,맑음,단일로 - 기타,승용,남,36세,상해없음,보행자,남,35세,사망,35.188755,129.080957
23,2010000000000000,2013년 5월 15일 04시,수요일,부산광역시 연제구 연산동,중상사고,0,4,0,0,차대차 - 추돌 - 주정차중,안전거리미확보,포장 - 건조,맑음,단일로 - 기타,승용,남,35세,상해없음,승용,남,34세,중상,35.178422,129.075647
24,2010000000000000,2013년 5월 17일 09시,금요일,부산광역시 연제구 연산동,중상사고,0,1,0,0,차량단독 - 전도전복,안전운전불이행,포장 - 건조,맑음,단일로 - 기타,원동기,남,27세,상해없음,,,,,35.181422,129.074344
25,2010000000000000,2013년 6월 2일 15시,일요일,부산광역시 연제구 연산동,중상사고,0,3,1,0,차대차 - 측면직각충돌,신호위반,포장 - 건조,맑음,교차로 - 교차로안,승용,남,45세,상해없음,승용,여,32세,중상,35.187956,129.109646
26,2010000000000000,2013년 6월 12일 22시,수요일,부산광역시 연제구 연산동,경상사고,0,0,3,0,차대차 - 측면직각충돌,안전운전불이행,포장 - 건조,맑음,교차로 - 교차로안,화물,남,53세,상해없음,승용,여,32세,경상,35.189411,129.084395
27,2010000000000000,2013년 6월 19일 07시,수요일,부산광역시 연제구 연산동,경상사고,0,0,2,0,차대차 - 추돌 - 주정차중,안전운전불이행,포장 - 건조,맑음,단일로 - 기타,승용,남,31세,상해없음,승합,남,43세,경상,35.184303,129.087229
28,2010000000000000,2013년 6월 22일 01시,토요일,부산광역시 연제구 연산동,경상사고,0,0,3,0,차대차 - 측면직각충돌,안전운전불이행,포장 - 건조,맑음,단일로 - 기타,승용,남,36세,상해없음,승용,남,61세,경상,35.180264,129.076941
29,2010000000000000,2013년 6월 25일 00시,화요일,부산광역시 연제구 연산동,경상사고,0,0,1,0,차대차 - 추돌 - 진행중,안전운전불이행,포장 - 건조,맑음,교차로 - 교차로안,승용,남,26세,상해없음,승용,남,34세,경상,35.187056,129.083071
30,2010000000000000,2013년 6월 29일 06시,토요일,부산광역시 연제구 연산동,중상사고,0,1,3,0,차대차 - 추돌 - 진행중,안전운전불이행,포장 - 건조,맑음,단일로 - 기타,승용,남,29세,상해없음,화물,남,39세,경상,35.187709,129.0838
31,2010000000000000,2013년 7월 1일 00시,월요일,부산광역시 연제구 연산동,부상신고사고,0,0,0,1,차량단독 - 기타,안전운전불이행,포장 - 건조,맑음,교차로 - 교차로부근,이륜,남,18세,부상신고,,,,,35.185668,129.086184
32,2010000000000000,2013년 7월 2일 02시,화요일,부산광역시 연제구 연산동,부상신고사고,0,0,0,1,차대사람 - 기타,기타,포장 - 건조,맑음,단일로 - 기타,승용,남,29세,상해없음,보행자,남,51세,부상신고,35.186941,129.084882
33,2010000000000000,2013년 7월 4일 00시,목요일,부산광역시 연제구 거제동,중상사고,0,2,0,0,차대차 - 추돌 - 주정차중,안전운전불이행,포장 - 건조,맑음,단일로 - 기타,승용,남,42세,상해없음,승용,남,54세,중상,35.190582,129.067668
34,2010000000000000,2013년 7월 4일 20시,목요일,부산광역시 연제구 연산동,중상사고,0,1,0,0,차대차 - 정면충돌,안전운전불이행,포장 - 습기,비,단일로 - 기타,승용,남,49세,상해없음,이륜,남,43세,중상,35.191734,129.09795
35,2010000000000000,2013년 7월 6일 21시,토요일,부산광역시 연제구 연산동,경상사고,0,0,1,0,차대사람 - 차도통행중,안전운전불이행,포장 - 건조,맑음,단일로 - 기타,화물,남,52세,상해없음,보행자,여,30세,경상,35.180616,129.10791
36,2010000000000000,2013년 7월 8일 18시,월요일,부산광역시 연제구 거제동,중상사고,0,1,0,0,차대차 - 추돌 - 진행중,안전거리미확보,포장 - 건조,맑음,단일로 - 기타,승용,남,30세,상해없음,승용,여,53세,중상,35.183544,129.069784
37,2010000000000000,2013년 7월 18일 21시,목요일,부산광역시 연제구 거제동,중상사고,0,5,3,0,차대차 - 추돌 - 주정차중,안전운전불이행,포장 - 건조,맑음,교차로 - 교차로부근,승용,여,41세,상해없음,승용,남,56세,상해없음,35.18516,129.071348
38,2010000000000000,2013년 7월 19일 14시,금요일,부산광역시 연제구 거제동,경상사고,0,0,2,0,차대차 - 추돌 - 진행중,안전거리미확보,포장 - 건조,맑음,단일로 - 기타,승용,남,41세,상해없음,승용,남,55세,경상,35.198853,129.078513
39,2010000000000000,2013년 7월 20일 00시,토요일,부산광역시 연제구 거제동,경상사고,0,0,1,1,차대차 - 측면직각충돌,안전운전불이행,포장 - 건조,맑음,단일로 - 기타,승용,남,45세,상해없음,승용,남,57세,경상,35.182078,129.073169
40,2010000000000000,2013년 7월 20일 05시,토요일,부산광역시 연제구 연산동,중상사고,0,1,0,0,차대차 - 측면직각충돌,안전운전불이행,포장 - 건조,맑음,단일로 - 기타,승용,남,36세,상해없음,이륜,남,65세,중상,35.189468,129.087803
41,2010000000000000,2013년 7월 21일 18시,일요일,부산광역시 연제구 거제동,중상사고,0,2,1,0,차대차 - 추돌 - 진행중,안전거리미확보,포장 - 건조,맑음,단일로 - 기타,승용,남,57세,상해없음,승용,남,42세,중상,35.194911,129.07993
42,2010000000000000,2013년 7월 22일 23시,월요일,부산광역시 연제구 연산동,중상사고,0,3,0,0,차대차 - 정면충돌,안전운전불이행,포장 - 건조,맑음,교차로 - 교차로부근,승용,여,26세,상해없음,승용,남,33세,중상,35.178041,129.107213
43,2010000000000000,2013년 7월 29일 17시,월요일,부산광역시 연제구 연산동,중상사고,0,1,0,0,차량단독 - 공작물충돌,안전운전불이행,포장 - 건조,맑음,단일로 - 기타,화물,남,58세,상해없음,,,,,35.175543,129.080436
44,2010000000000000,2013년 8월 9일 00시,금요일,부산광역시 연제구 연산동,경상사고,0,0,2,0,차대차 - 추돌 - 진행중,안전운전불이행,포장 - 건조,맑음,단일로 - 기타,화물,남,39세,상해없음,승용,남,43세,상해없음,35.185946,129.082708
45,2010000000000000,2013년 8월 10일 00시,토요일,부산광역시 연제구 거제동,중상사고,0,2,0,0,차대차 - 추돌 - 진행중,안전운전불이행,포장 - 건조,맑음,단일로 - 기타,승용,남,31세,상해없음,승용,남,32세,중상,35.19602,129.080048
46,2010000000000000,2013년 8월 11일 01시,일요일,부산광역시 연제구 거제동,경상사고,0,0,1,0,차대차 - 측면직각충돌,안전거리미확보,포장 - 건조,맑음,교차로 - 교차로부근,원동기,남,57세,경상,승용,남,61세,상해없음,35.181614,129.068954
47,2010000000000000,2013년 8월 18일 04시,일요일,부산광역시 연제구 연산동,경상사고,0,0,1,0,차대차 - 측면직각충돌,신호위반,포장 - 건조,맑음,교차로 - 교차로안,승용,여,48세,상해없음,승용,남,63세,상해없음,35.174668,129.08647
48,2010000000000000,2013년 8월 24일 22시,토요일,부산광역시 연제구 연산동,경상사고,0,0,2,0,차대차 - 추돌 - 진행중,신호위반,포장 - 습기,비,교차로 - 교차로안,승용,남,31세,상해없음,승용,남,59세,경상,35.186129,129.081755
49,2010000000000000,2013년 9월 3일 07시,화요일,부산광역시 연제구 연산동,경상사고,0,0,1,0,차대차 - 측면직각충돌,중앙선침범,포장 - 건조,맑음,단일로 - 기타,승용,남,21세,상해없음,승용,남,37세,경상,35.192481,129.089852
50,2010000000000000,2013년 9월 6일 21시,금요일,부산광역시 연제구 거제동,경상사고,0,0,2,0,차대차 - 추돌 - 진행중,안전거리미확보,포장 - 건조,맑음,단일로 - 기타,화물,남,44세,상해없음,승용,남,67세,경상,35.187338,129.07696
51,2010000000000000,2013년 9월 14일 16시,토요일,부산광역시 연제구 연산동,중상사고,0,1,0,0,차량단독 - 전도전복,안전운전불이행,포장 - 건조,맑음,단일로 - 기타,원동기,남,65세,중상,,,,,35.180134,129.088215
52,2010000000000000,2013년 9월 15일 02시,일요일,부산광역시 연제구 연산동,중상사고,0,1,0,0,차량단독 - 공작물충돌,안전운전불이행,포장 - 건조,맑음,교차로 - 교차로부근,승용,남,22세,상해없음,,,,,35.185191,129.103979
53,2010000000000000,2013년 9월 17일 00시,화요일,부산광역시 연제구 연산동,중상사고,0,1,0,0,차대차 - 측면직각충돌,안전운전불이행,포장 - 건조,맑음,교차로 - 교차로안,승용,남,34세,상해없음,승용,남,36세,중상,35.188065,129.107222
54,2010000000000000,2013년 9월 22일 15시,일요일,부산광역시 연제구 연산동,중상사고,0,1,0,0,차대차 - 추돌 - 주정차중,안전운전불이행,포장 - 건조,맑음,단일로 - 기타,승용,남,48세,상해없음,승용,여,31세,중상,35.180313,129.10716
55,2010000000000000,2013년 9월 23일 09시,월요일,부산광역시 연제구 연산동,경상사고,0,0,1,0,차대사람 - 보도통행중,기타,포장 - 건조,맑음,단일로 - 기타,승용,남,21세,상해없음,보행자,남,31세,경상,35.187496,129.083537
56,2010000000000000,2013년 9월 28일 23시,토요일,부산광역시 연제구 거제동,경상사고,0,0,1,0,차대차 - 추돌 - 진행중,안전운전불이행,포장 - 건조,맑음,교차로 - 교차로부근,승용,남,48세,상해없음,승용,남,27세,경상,35.199426,129.078108
57,2010000000000000,2013년 10월 1일 03시,화요일,부산광역시 연제구 거제동,경상사고,0,0,1,0,차대차 - 측면직각충돌,신호위반,포장 - 건조,맑음,교차로 - 교차로안,승용,남,37세,상해없음,승용,남,42세,경상,35.188632,129.073928
58,2010000000000000,2013년 10월 5일 01시,토요일,부산광역시 연제구 연산동,경상사고,0,0,1,0,차대차 - 추돌 - 주정차중,안전거리미확보,포장 - 건조,맑음,단일로 - 횡단보도부근,승용,남,37세,상해없음,승용,남,54세,상해없음,35.184022,129.082707
59,2010000000000000,2013년 10월 6일 00시,일요일,부산광역시 연제구 연산동,중상사고,0,3,1,0,차대차 - 기타,신호위반,포장 - 습기,흐림,교차로 - 교차로안,승용,남,43세,상해없음,승용,여,21세,중상,35.187827,129.107069
60,2010000000000000,2013년 10월 9일 08시,수요일,부산광역시 연제구 연산동,중상사고,0,1,0,0,차대사람 - 횡단중,보행자보호의무위반,포장 - 건조,맑음,단일로 - 횡단보도상,승합,남,47세,상해없음,보행자,여,54세,중상,35.187205,129.102121
61,2010000000000000,2013년 10월 12일 02시,토요일,부산광역시 연제구 연산동,경상사고,0,0,1,0,차대차 - 추돌 - 주정차중,안전운전불이행,포장 - 건조,맑음,단일로 - 기타,승용,남,31세,상해없음,승용,남,61세,경상,35.174415,129.088584
62,2010000000000000,2013년 10월 18일 12시,금요일,부산광역시 연제구 연산동,경상사고,0,0,1,0,차대사람 - 기타,안전운전불이행,포장 - 건조,맑음,단일로 - 기타,승용,남,27세,상해없음,보행자,남,71세,경상,35.18693,129.084889
63,2010000000000000,2013년 10월 19일 17시,토요일,부산광역시 연제구 거제동,중상사고,0,1,2,0,차대차 - 정면충돌,중앙선침범,포장 - 건조,맑음,단일로 - 기타,승용,남,42세,상해없음,승용,남,36세,경상,35.182073,129.065058
64,2010000000000000,2013년 10월 20일 23시,일요일,부산광역시 연제구 연산동,경상사고,0,0,2,0,차대차 - 추돌 - 진행중,안전거리미확보,포장 - 건조,맑음,단일로 - 기타,승용,남,34세,상해없음,승용,남,58세,경상,35.185942,129.08264
65,2010000000000000,2013년 10월 26일 20시,토요일,부산광역시 연제구 연산동,경상사고,0,0,1,2,차대차 - 추돌 - 주정차중,안전운전불이행,포장 - 건조,맑음,단일로 - 기타,승용,여,32세,상해없음,승용,남,39세,부상신고,35.179848,129.07677
66,2010000000000000,2013년 10월 30일 23시,수요일,부산광역시 연제구 거제동,사망사고,1,0,0,0,차대사람 - 횡단중,신호위반,포장 - 건조,맑음,단일로 - 횡단보도상,승용,남,28세,상해없음,보행자,여,45세,사망,35.19016,129.070568
67,2010000000000000,2013년 11월 3일 03시,일요일,부산광역시 연제구 연산동,경상사고,0,0,1,0,차대차 - 기타,중앙선침범,포장 - 건조,맑음,교차로 - 교차로부근,승용,남,33세,상해없음,승용,남,41세,경상,35.187907,129.10755
68,2010000000000000,2013년 11월 17일 22시,일요일,부산광역시 연제구 연산동,경상사고,0,0,2,0,차대차 - 정면충돌,중앙선침범,포장 - 건조,맑음,교차로 - 교차로부근,승용,남,25세,상해없음,승용,남,25세,경상,35.185663,129.087226
69,2010000000000000,2013년 11월 22일 01시,금요일,부산광역시 연제구 연산동,중상사고,0,1,0,0,차대차 - 측면직각충돌,신호위반,포장 - 건조,맑음,교차로 - 교차로안,승용,남,40세,상해없음,승용,남,52세,중상,35.186652,129.082378
70,2010000000000000,2013년 11월 23일 04시,토요일,부산광역시 연제구 연산동,중상사고,0,2,2,0,차대차 - 추돌 - 진행중,안전운전불이행,포장 - 건조,맑음,단일로 - 기타,승용,남,28세,상해없음,승용,남,58세,중상,35.18736,129.083326
71,2010000000000000,2013년 11월 30일 00시,토요일,부산광역시 연제구 연산동,경상사고,0,0,1,0,차대차 - 측면직각충돌,안전운전불이행,포장 - 건조,맑음,단일로 - 기타,승용,남,48세,상해없음,승용,여,47세,상해없음,35.187144,129.085184
72,2010000000000000,2013년 11월 30일 19시,토요일,부산광역시 연제구 거제동,중상사고,0,2,3,0,차대차 - 정면충돌,중앙선침범,포장 - 건조,맑음,교차로 - 교차로부근,승용,남,52세,상해없음,승용,남,43세,중상,35.195375,129.080167
73,2010000000000000,2013년 12월 1일 21시,일요일,부산광역시 연제구 거제동,경상사고,0,0,1,0,차대차 - 측면직각충돌,신호위반,포장 - 건조,맑음,교차로 - 교차로안,이륜,남,27세,경상,승용,남,54세,상해없음,35.193647,129.079753
74,2010000000000000,2013년 12월 6일 23시,금요일,부산광역시 연제구 연산동,경상사고,0,0,1,0,차대차 - 측면직각충돌,안전운전불이행,포장 - 건조,맑음,단일로 - 기타,승용,남,28세,상해없음,승용,남,55세,경상,35.180659,129.072423
75,2010000000000000,2013년 12월 29일 04시,일요일,부산광역시 연제구 거제동,경상사고,0,0,2,0,차대차 - 기타,신호위반,포장 - 건조,맑음,단일로 - 기타,화물,남,62세,상해없음,승용,남,42세,경상,35.177488,129.067915
76,2014010900100446,2014년 1월 9일 21시,목요일,부산광역시 연제구 연산동,경상사고,0,0,1,0,차대차 - 추돌 - 진행중,안전운전불이행,포장 - 건조,맑음,단일로 - 기타,승용,남,58세,상해없음,승용,여,50세,경상,35.175174,129.082712
77,2014011000100109,2014년 1월 10일 09시,금요일,부산광역시 연제구 거제동,경상사고,0,0,2,0,차대차 - 추돌 - 주정차중,안전운전불이행,포장 - 건조,맑음,교차로 - 교차로안,승용,남,31세,상해없음,이륜,남,22세,경상,35.186733,129.081509
78,2014011300100049,2014년 1월 13일 06시,월요일,부산광역시 연제구 거제동,중상사고,0,2,0,0,차대차 - 추돌 - 주정차중,안전운전불이행,포장 - 건조,맑음,교차로 - 교차로부근,승용,남,60세,상해없음,승용,남,43세,중상,35.188276,129.060082
79,2014011600100215,2014년 1월 16일 13시,목요일,부산광역시 연제구 거제동,중상사고,0,1,3,0,차대차 - 추돌 - 진행중,안전운전불이행,포장 - 건조,맑음,교차로 - 교차로부근,승용,남,38세,상해없음,승용,여,37세,상해없음,35.185393,129.071102
80,2014020100100185,2014년 2월 1일 17시,토요일,부산광역시 연제구 연산동,경상사고,0,0,3,0,차대차 - 기타,안전운전불이행,포장 - 건조,맑음,단일로 - 기타,승용,남,31세,상해없음,승용,남,64세,경상,35.173941,129.092227
81,2014020700100413,2014년 2월 7일 20시,금요일,부산광역시 연제구 연산동,중상사고,0,1,0,0,차대차 - 추돌 - 주정차중,안전운전불이행,포장 - 습기,비,단일로 - 기타,화물,남,41세,상해없음,승용,남,45세,중상,35.175408,129.081765
82,2014020800100057,2014년 2월 8일 02시,토요일,부산광역시 연제구 연산동,중상사고,0,1,0,0,차대차 - 추돌 - 주정차중,안전운전불이행,포장 - 습기,비,단일로 - 기타,승용,남,31세,상해없음,승용,여,48세,중상,35.187859,129.106885
83,2014022500100451,2014년 2월 25일 22시,화요일,부산광역시 연제구 연산동,경상사고,0,0,4,0,차대차 - 추돌 - 진행중,안전운전불이행,포장 - 건조,맑음,단일로 - 기타,승용,남,29세,상해없음,승용,남,34세,경상,35.18548,129.082117
84,2014030300100024,2014년 3월 3일 03시,월요일,부산광역시 연제구 연산동,경상사고,0,0,1,0,차대사람 - 기타,안전운전불이행,포장 - 건조,맑음,단일로 - 기타,승용,남,34세,상해없음,보행자,여,26세,경상,35.187361,129.084779
85,2014031800100007,2014년 3월 18일 00시,화요일,부산광역시 연제구 거제동,중상사고,0,1,0,0,차대사람 - 횡단중,보행자보호의무위반,포장 - 습기,비,단일로 - 횡단보도상,승용,남,29세,상해없음,보행자,여,26세,중상,35.191664,129.065183
86,2014031800100029,2014년 3월 18일 01시,화요일,부산광역시 연제구 연산동,경상사고,0,0,1,0,차대차 - 측면직각충돌,안전운전불이행,포장 - 습기,비,단일로 - 기타,승용,남,37세,상해없음,승용,여,26세,경상,35.187653,129.107202
87,2014032100100071,2014년 3월 21일 06시,금요일,부산광역시 연제구 연산동,경상사고,0,0,3,0,차대차 - 추돌 - 주정차중,안전운전불이행,포장 - 건조,맑음,단일로 - 기타,승용,남,33세,상해없음,승합,남,70세,경상,35.191539,129.080262
88,2014032100100650,2014년 3월 21일 23시,금요일,부산광역시 연제구 연산동,중상사고,0,2,2,0,차대차 - 정면충돌,중앙선침범,포장 - 건조,맑음,단일로 - 기타,승용,남,30세,상해없음,승용,남,74세,상해없음,35.173652,129.094559
89,2014032500100566,2014년 3월 25일 22시,화요일,부산광역시 연제구 연산동,경상사고,0,0,1,0,차대차 - 측면직각충돌,안전운전불이행,포장 - 습기,비,단일로 - 기타,승용,남,39세,상해없음,이륜,남,32세,경상,35.180307,129.107172
90,2014032900100009,2014년 3월 29일 00시,토요일,부산광역시 연제구 거제동,경상사고,0,0,3,0,차대차 - 추돌 - 주정차중,안전거리미확보,포장 - 건조,흐림,교차로 - 교차로부근,승용,남,28세,상해없음,승용,남,43세,경상,35.188475,129.074242
91,2014033000100107,2014년 3월 30일 05시,일요일,부산광역시 연제구 거제동,경상사고,0,0,2,0,차대차 - 추돌 - 진행중,안전거리미확보,포장 - 건조,맑음,단일로 - 기타,승용,남,35세,상해없음,승용,남,38세,상해없음,35.188642,129.07416
92,2014040700100554,2014년 4월 7일 22시,월요일,부산광역시 연제구 연산동,경상사고,0,0,1,0,차대차 - 기타,안전운전불이행,포장 - 건조,맑음,단일로 - 기타,승용,남,46세,상해없음,승용,남,42세,경상,35.189746,129.092037
93,2014040900100425,2014년 4월 9일 18시,수요일,부산광역시 연제구 연산동,중상사고,0,1,1,0,차대사람 - 횡단중,보행자보호의무위반,포장 - 건조,맑음,단일로 - 기타,승용,남,42세,상해없음,보행자,여,9세,중상,35.180424,129.107155
94,2014040900100517,2014년 4월 9일 20시,수요일,부산광역시 연제구 거제동,중상사고,0,2,2,0,차대차 - 추돌 - 진행중,안전거리미확보,포장 - 건조,흐림,단일로 - 기타,승용,남,68세,상해없음,승용,남,32세,경상,35.188029,129.058418
95,2014042000100026,2014년 4월 20일 01시,일요일,부산광역시 연제구 거제동,중상사고,0,1,0,0,차대차 - 기타,중앙선침범,포장 - 건조,맑음,교차로 - 교차로부근,승합,남,41세,상해없음,승용,남,59세,중상,35.192243,129.083623
96,2014042300100366,2014년 4월 23일 17시,수요일,부산광역시 연제구 연산동,경상사고,0,0,4,0,차대차 - 측면직각충돌,안전거리미확보,포장 - 건조,맑음,단일로 - 기타,화물,남,58세,상해없음,승용,남,32세,경상,35.173773,129.093429
97,2014042600100068,2014년 4월 26일 03시,토요일,부산광역시 연제구 연산동,중상사고,0,1,0,0,차대사람 - 횡단중,보행자보호의무위반,포장 - 건조,맑음,단일로 - 횡단보도상,승용,남,30세,상해없음,보행자,여,54세,중상,35.173561,129.094916
98,2014042600100092,2014년 4월 26일 05시,토요일,부산광역시 연제구 연산동,경상사고,0,0,1,0,차대차 - 측면직각충돌,안전운전불이행,포장 - 건조,맑음,교차로 - 교차로부근,승용,남,23세,상해없음,승합,남,38세,경상,35.184507,129.113297
99,2014051100100195,2014년 5월 11일 13시,일요일,부산광역시 연제구 연산동,경상사고,0,0,4,0,차대차 - 기타,안전운전불이행,포장 - 건조,맑음,기타 - 기타,승용,남,23세,상해없음,승용,남,49세,경상,35.18614,129.081614
100,2014060400100462,2014년 6월 4일 18시,수요일,부산광역시 연제구 거제동,중상사고,0,1,2,0,차대차 - 추돌 - 진행중,안전운전불이행,포장 - 습기,맑음,교차로 - 교차로부근,화물,남,61세,상해없음,화물,남,47세,경상,35.189457,129.062553
101,2014060700100069,2014년 6월 7일 05시,토요일,부산광역시 연제구 거제동,중상사고,0,1,0,0,차대차 - 기타,안전운전불이행,포장 - 건조,맑음,단일로 - 기타,승용,남,32세,상해없음,승용,남,61세,상해없음,35.177331,129.067868
102,2014061500100482,2014년 6월 15일 21시,일요일,부산광역시 연제구 연산동,경상사고,0,0,3,0,차대차 - 추돌 - 주정차중,안전운전불이행,포장 - 건조,맑음,교차로 - 교차로부근,승용,여,47세,상해없음,승용,남,56세,경상,35.185511,129.087295
103,2014062000100631,2014년 6월 20일 22시,금요일,부산광역시 연제구 연산동,중상사고,0,1,2,0,차대차 - 추돌 - 주정차중,안전운전불이행,포장 - 건조,흐림,단일로 - 기타,승용,남,50세,기타불명,승용,남,66세,중상,35.180952,129.083994
104,2014070400100087,2014년 7월 4일 06시,금요일,부산광역시 연제구 연산동,중상사고,0,1,0,0,차대사람 - 횡단중,신호위반,포장 - 건조,맑음,단일로 - 기타,이륜,남,21세,상해없음,보행자,여,55세,중상,35.173616,129.09457
105,2014070700100026,2014년 7월 7일 02시,월요일,부산광역시 연제구 연산동,중상사고,0,2,0,0,차대차 - 측면직각충돌,안전운전불이행,포장 - 습기,비,단일로 - 기타,승용,남,43세,상해없음,승용,남,61세,중상,35.181376,129.077916
106,2014071000100108,2014년 7월 10일 07시,목요일,부산광역시 연제구 연산동,경상사고,0,0,1,0,차대차 - 추돌 - 진행중,안전거리미확보,포장 - 건조,맑음,단일로 - 기타,화물,남,30세,상해없음,승용,여,44세,경상,35.174003,129.091626
107,2014071200100139,2014년 7월 12일 07시,토요일,부산광역시 연제구 연산동,중상사고,0,1,0,0,차대차 - 추돌 - 주정차중,중앙선침범,포장 - 건조,맑음,단일로 - 기타,승용,남,37세,상해없음,화물,남,68세,중상,35.181872,129.078245
108,2014071200100158,2014년 7월 12일 08시,토요일,부산광역시 연제구 연산동,경상사고,0,0,2,0,차대차 - 측면직각충돌,안전운전불이행,포장 - 건조,맑음,교차로 - 교차로안,승용,남,29세,상해없음,승용,남,40세,경상,35.189201,129.085651
109,2014071200100186,2014년 7월 12일 09시,토요일,부산광역시 연제구 연산동,경상사고,0,0,1,0,차대차 - 기타,안전운전불이행,포장 - 건조,맑음,단일로 - 기타,승용,남,32세,상해없음,승용,남,71세,기타불명,35.188667,129.081016
110,2014072300100577,2014년 7월 23일 22시,수요일,부산광역시 연제구 거제동,경상사고,0,0,2,0,차대차 - 추돌 - 진행중,안전운전불이행,포장 - 건조,맑음,교차로 - 교차로부근,승용,남,28세,상해없음,승용,남,54세,경상,35.18769,129.077226
111,2014080500100049,2014년 8월 5일 02시,화요일,부산광역시 연제구 연산동,부상신고사고,0,0,0,2,차대차 - 추돌 - 진행중,신호위반,포장 - 건조,맑음,교차로 - 교차로안,승용,남,49세,상해없음,승용,남,60세,부상신고,35.184417,129.113621
112,2014081400100607,2014년 8월 14일 21시,목요일,부산광역시 연제구 연산동,경상사고,0,0,3,0,차대차 - 추돌 - 주정차중,안전운전불이행,포장 - 습기,비,단일로 - 기타,화물,남,36세,상해없음,승용,남,25세,경상,35.178966,129.075983
113,2014081800100598,2014년 8월 18일 23시,월요일,부산광역시 연제구 연산동,경상사고,0,0,2,0,차대차 - 추돌 - 주정차중,안전운전불이행,포장 - 습기,비,단일로 - 기타,승용,남,40세,상해없음,승용,남,30세,경상,35.188831,129.080935
114,2014090400100057,2014년 9월 4일 04시,목요일,부산광역시 연제구 거제동,경상사고,0,0,1,0,차대차 - 추돌 - 주정차중,안전운전불이행,포장 - 건조,맑음,교차로 - 교차로부근,승용,남,25세,상해없음,승용,남,65세,경상,35.199438,129.078154
115,2014090400100077,2014년 9월 4일 06시,목요일,부산광역시 연제구 거제동,경상사고,0,0,1,0,차대차 - 측면직각충돌,신호위반,포장 - 건조,맑음,교차로 - 교차로안,승용,남,29세,상해없음,화물,남,46세,경상,35.187658,129.077219
116,2014090500100669,2014년 9월 5일 19시,금요일,부산광역시 연제구 연산동,중상사고,0,1,2,0,차대차 - 기타,중앙선침범,포장 - 건조,맑음,단일로 - 기타,승용,남,59세,상해없음,승용,남,26세,경상,35.174766,129.081141
117,2014091200100026,2014년 9월 12일 02시,금요일,부산광역시 연제구 연산동,중상사고,0,1,0,0,차대차 - 기타,안전운전불이행,포장 - 건조,맑음,단일로 - 기타,이륜,남,50세,중상,승용,남,58세,상해없음,35.185502,129.082043
118,2014091300100101,2014년 9월 13일 07시,토요일,부산광역시 연제구 연산동,경상사고,0,0,4,0,차대차 - 추돌 - 주정차중,안전운전불이행,포장 - 건조,맑음,단일로 - 기타,승용,남,45세,상해없음,승용,여,35세,경상,35.18037,129.107185
119,2014091600100364,2014년 9월 16일 17시,화요일,부산광역시 연제구 거제동,경상사고,0,0,2,0,차대차 - 기타,안전운전불이행,포장 - 건조,맑음,단일로 - 기타,승용,여,55세,상해없음,승용,남,46세,경상,35.189214,129.075044
120,2014091900100035,2014년 9월 19일 01시,금요일,부산광역시 연제구 연산동,중상사고,0,1,0,0,차대사람 - 길가장자리구역통행중,안전운전불이행,포장 - 건조,맑음,단일로 - 기타,승용,남,30세,상해없음,보행자,남,47세,중상,35.183196,129.107425
121,2014092900100651,2014년 9월 29일 23시,월요일,부산광역시 연제구 연산동,중상사고,0,1,0,0,차대차 - 추돌 - 주정차중,안전운전불이행,포장 - 건조,흐림,교차로 - 교차로부근,승용,남,42세,상해없음,승용,남,34세,중상,35.187696,129.107226
122,2014100500100488,2014년 10월 5일 22시,일요일,부산광역시 연제구 거제동,경상사고,0,0,1,0,차대차 - 추돌 - 주정차중,안전운전불이행,포장 - 건조,맑음,단일로 - 기타,승용,여,32세,상해없음,승용,여,38세,경상,35.191771,129.075374
123,2014101200100026,2014년 10월 12일 01시,일요일,부산광역시 연제구 연산동,경상사고,0,0,2,0,차대차 - 추돌 - 진행중,안전거리미확보,포장 - 건조,맑음,교차로 - 교차로부근,승용,여,31세,상해없음,승용,남,62세,경상,35.186247,129.08173
124,2014101500100054,2014년 10월 15일 04시,수요일,부산광역시 연제구 연산동,중상사고,0,1,0,0,차대차 - 추돌 - 진행중,안전운전불이행,포장 - 건조,맑음,단일로 - 기타,승용,남,34세,상해없음,원동기,남,29세,중상,35.175199,129.08238
125,2014102000100665,2014년 10월 20일 22시,월요일,부산광역시 연제구 연산동,중상사고,0,1,0,0,차대차 - 추돌 - 주정차중,안전거리미확보,포장 - 습기,비,교차로 - 교차로부근,승용,남,60세,상해없음,승용,남,44세,중상,35.185454,129.081215
126,2014102500100008,2014년 10월 25일 00시,토요일,부산광역시 연제구 연산동,경상사고,0,0,2,0,차대차 - 정면충돌,중앙선침범,포장 - 건조,맑음,단일로 - 기타,승용,남,39세,상해없음,승용,남,67세,경상,35.192515,129.089877
127,2014112400100671,2014년 11월 24일 21시,월요일,부산광역시 연제구 거제동,경상사고,0,0,3,0,차대차 - 추돌 - 진행중,안전운전불이행,포장 - 습기,비,단일로 - 기타,승용,남,47세,상해없음,승용,여,33세,경상,35.191035,129.068331
128,2014112500100008,2014년 11월 25일 00시,화요일,부산광역시 연제구 연산동,중상사고,0,1,3,0,차대차 - 추돌 - 진행중,안전거리미확보,포장 - 습기,비,단일로 - 기타,승용,남,27세,기타불명,승용,남,58세,경상,35.174407,129.088441
129,2014120100100609,2014년 12월 1일 22시,월요일,부산광역시 연제구 거제동,경상사고,0,0,3,0,차대차 - 기타,안전운전불이행,포장 - 건조,맑음,단일로 - 기타,승용,남,49세,상해없음,승용,남,31세,경상,35.196095,129.081041
130,2014121700100411,2014년 12월 17일 18시,수요일,부산광역시 연제구 연산동,경상사고,0,0,1,0,차대차 - 측면직각충돌,안전운전불이행,포장 - 건조,맑음,단일로 - 기타,승용,남,31세,상해없음,화물,남,50세,경상,35.184269,129.107184
131,2014121900100538,2014년 12월 19일 21시,금요일,부산광역시 연제구 연산동,중상사고,0,1,0,0,차대차 - 기타,안전운전불이행,포장 - 건조,맑음,단일로 - 기타,승용,남,34세,상해없음,승용,여,60세,중상,35.187054,129.0814
132,2014122000100251,2014년 12월 20일 07시,토요일,부산광역시 연제구 연산동,경상사고,0,0,2,0,차대차 - 기타,안전운전불이행,포장 - 건조,맑음,단일로 - 기타,승용,남,21세,상해없음,승용,남,62세,경상,35.191568,129.088715
133,2014122800100037,2014년 12월 28일 01시,일요일,부산광역시 연제구 연산동,경상사고,0,0,1,0,차대차 - 기타,안전운전불이행,포장 - 건조,맑음,단일로 - 기타,승용,남,37세,상해없음,승용,남,57세,경상,35.18242,129.083397
134,2020000000000000,2015년 1월 3일 23시,토요일,부산광역시 연제구 연산동,중상사고,0,1,0,0,차대차 - 측면직각충돌,안전거리미확보,포장 - 건조,맑음,교차로 - 교차로안,이륜,남,45세,중상,승용,남,31세,상해없음,35.185677,129.097374
135,2020000000000000,2015년 1월 16일 03시,금요일,부산광역시 연제구 연산동,중상사고,0,1,0,0,차대차 - 측면직각충돌,교차로운행방법위반,포장 - 건조,맑음,교차로 - 교차로안,승용,남,44세,상해없음,이륜,남,70세,중상,35.189512,129.104517
136,2020000000000000,2015년 1월 20일 03시,화요일,부산광역시 연제구 연산동,부상신고사고,0,0,0,1,차대차 - 추돌 - 진행중,안전운전불이행,포장 - 건조,맑음,단일로 - 기타,원동기,남,36세,부상신고,화물,남,46세,기타불명,35.187731,129.103973
137,2020000000000000,2015년 1월 21일 00시,수요일,부산광역시 연제구 연산동,경상사고,0,0,1,0,차대차 - 측면직각충돌,차로위반,포장 - 건조,맑음,단일로 - 기타,승용,남,25세,상해없음,승용,남,55세,경상,35.18302,129.107154
138,2020000000000000,2015년 1월 22일 02시,목요일,부산광역시 연제구 거제동,중상사고,0,1,1,0,차대차 - 측면직각충돌,신호위반,포장 - 건조,맑음,교차로 - 교차로안,승용,남,41세,상해없음,승용,남,58세,경상,35.190848,129.067922
139,2020000000000000,2015년 1월 29일 00시,목요일,부산광역시 연제구 연산동,경상사고,0,0,1,0,차대차 - 추돌 - 진행중,안전운전불이행,포장 - 건조,맑음,단일로 - 기타,승용,남,41세,상해없음,승용,남,59세,상해없음,35.175034,129.083735
140,2020000000000000,2015년 2월 9일 23시,월요일,부산광역시 연제구 연산동,경상사고,0,0,1,0,차대차 - 추돌 - 진행중,안전운전불이행,포장 - 건조,맑음,단일로 - 기타,승용,남,30세,상해없음,승용,여,56세,경상,35.174094,129.090886
141,2020000000000000,2015년 2월 15일 03시,일요일,부산광역시 연제구 연산동,중상사고,0,2,0,0,차대차 - 측면직각충돌,중앙선침범,포장 - 건조,맑음,교차로 - 교차로부근,승용,남,18세,상해없음,승용,남,60세,상해없음,35.184167,129.10413
142,2020000000000000,2015년 2월 23일 22시,월요일,부산광역시 연제구 거제동,경상사고,0,0,1,0,차대차 - 추돌 - 진행중,안전운전불이행,포장 - 건조,맑음,단일로 - 기타,승용,남,47세,상해없음,승용,여,51세,경상,35.196295,129.079917
143,2020000000000000,2015년 3월 1일 09시,일요일,부산광역시 연제구 연산동,중상사고,0,3,1,0,차대차 - 정면충돌,중앙선침범,포장 - 건조,맑음,단일로 - 기타,승용,남,24세,상해없음,승용,남,59세,중상,35.174739,129.085795
144,2020000000000000,2015년 3월 3일 20시,화요일,부산광역시 연제구 거제동,경상사고,0,0,2,0,차대차 - 추돌 - 주정차중,안전운전불이행,포장 - 습기,비,교차로 - 교차로부근,원동기,남,40세,상해없음,승용,여,46세,경상,35.182145,129.073361
145,2020000000000000,2015년 3월 7일 01시,토요일,부산광역시 연제구 거제동,중상사고,0,1,2,0,차대차 - 추돌 - 주정차중,안전운전불이행,포장 - 건조,맑음,단일로 - 기타,승용,여,44세,기타불명,승용,여,50세,경상,35.19028,129.06414
146,2020000000000000,2015년 3월 19일 05시,목요일,부산광역시 연제구 거제동,중상사고,0,1,0,0,차대사람 - 차도통행중,안전운전불이행,포장 - 습기,비,단일로 - 기타,승용,남,35세,상해없음,보행자,여,66세,중상,35.185871,129.066153
147,2020000000000000,2015년 3월 28일 03시,토요일,부산광역시 연제구 거제동,중상사고,0,2,0,0,차대차 - 측면직각충돌,안전운전불이행,포장 - 건조,맑음,단일로 - 기타,승합,남,25세,상해없음,승용,여,27세,중상,35.194201,129.079782
148,2020000000000000,2015년 4월 13일 22시,월요일,부산광역시 연제구 연산동,중상사고,0,1,0,0,차대차 - 추돌 - 진행중,안전운전불이행,포장 - 건조,맑음,단일로 - 기타,승용,남,53세,상해없음,승용,여,57세,중상,35.173561,129.094788
149,2020000000000000,2015년 4월 19일 00시,일요일,부산광역시 연제구 거제동,경상사고,0,0,4,0,차대차 - 추돌 - 주정차중,안전운전불이행,포장 - 습기,비,단일로 - 기타,승용,남,45세,상해없음,승용,남,46세,경상,35.199413,129.078136
150,2020000000000000,2015년 4월 30일 03시,목요일,부산광역시 연제구 연산동,경상사고,0,0,1,0,차대차 - 측면직각충돌,안전운전불이행,포장 - 건조,맑음,교차로 - 교차로부근,승용,남,43세,상해없음,승용,남,38세,경상,35.187173,129.085139
151,2020000000000000,2015년 5월 7일 00시,목요일,부산광역시 연제구 연산동,경상사고,0,0,1,0,차대사람 - 길가장자리구역통행중,안전운전불이행,포장 - 건조,맑음,단일로 - 기타,승용,남,45세,상해없음,보행자,남,30세,경상,35.19087,129.08228
152,2020000000000000,2015년 5월 10일 08시,일요일,부산광역시 연제구 거제동,중상사고,0,1,0,0,차대차 - 추돌 - 진행중,안전운전불이행,포장 - 건조,맑음,단일로 - 기타,승용,남,28세,상해없음,승용,남,24세,상해없음,35.185022,129.071022
153,2020000000000000,2015년 5월 21일 01시,목요일,부산광역시 연제구 거제동,경상사고,0,0,1,0,차대차 - 측면직각충돌,중앙선침범,포장 - 건조,맑음,교차로 - 교차로부근,승용,남,30세,상해없음,승용,남,61세,경상,35.184444,129.074922
154,2020000000000000,2015년 6월 2일 02시,화요일,부산광역시 연제구 연산동,경상사고,0,0,1,0,차대차 - 추돌 - 주정차중,안전거리미확보,포장 - 건조,맑음,단일로 - 기타,승용,여,29세,상해없음,승용,남,53세,경상,35.185777,129.083706
155,2020000000000000,2015년 6월 4일 12시,목요일,부산광역시 연제구 거제동,경상사고,0,0,1,0,차대차 - 측면직각충돌,안전거리미확보,포장 - 건조,맑음,단일로 - 기타,이륜,남,35세,상해없음,승용,남,48세,경상,35.189623,129.072144
156,2020000000000000,2015년 6월 11일 06시,목요일,부산광역시 연제구 거제동,경상사고,0,0,2,0,차대차 - 추돌 - 주정차중,안전운전불이행,포장 - 건조,맑음,교차로 - 교차로부근,승용,여,39세,상해없음,승용,남,37세,경상,35.19616,129.079975
157,2020000000000000,2015년 6월 14일 05시,일요일,부산광역시 연제구 거제동,중상사고,0,1,2,0,차대차 - 추돌 - 진행중,안전운전불이행,포장 - 건조,맑음,단일로 - 기타,승용,남,40세,상해없음,승용,남,60세,경상,35.180137,129.069076
158,2020000000000000,2015년 6월 21일 00시,일요일,부산광역시 연제구 연산동,경상사고,0,0,2,0,차대차 - 측면직각충돌,신호위반,포장 - 건조,맑음,교차로 - 교차로안,승용,남,33세,상해없음,승용,남,47세,경상,35.18612,129.081825
159,2020000000000000,2015년 6월 27일 06시,토요일,부산광역시 연제구 연산동,경상사고,0,0,1,0,차대차 - 추돌 - 진행중,안전운전불이행,포장 - 건조,맑음,단일로 - 기타,승용,여,56세,상해없음,승합,남,55세,경상,35.193723,129.091239
160,2020000000000000,2015년 7월 4일 21시,토요일,부산광역시 연제구 연산동,경상사고,0,0,1,0,차대차 - 측면직각충돌,안전운전불이행,포장 - 건조,맑음,단일로 - 기타,승용,남,49세,상해없음,승용,남,43세,상해없음,35.188942,129.09382
161,2020000000000000,2015년 7월 8일 07시,수요일,부산광역시 연제구 연산동,경상사고,0,0,1,0,차대차 - 추돌 - 주정차중,안전운전불이행,포장 - 습기,비,단일로 - 기타,화물,남,61세,상해없음,승용,남,65세,경상,35.184532,129.109931
162,2020000000000000,2015년 7월 14일 02시,화요일,부산광역시 연제구 연산동,경상사고,0,0,1,0,차대차 - 추돌 - 진행중,안전운전불이행,포장 - 건조,맑음,교차로 - 교차로부근,승용,남,35세,상해없음,승용,남,56세,경상,35.184504,129.107402
163,2020000000000000,2015년 7월 31일 22시,금요일,부산광역시 연제구 거제동,경상사고,0,0,1,0,차대차 - 추돌 - 주정차중,안전운전불이행,포장 - 건조,맑음,단일로 - 기타,승용,여,43세,상해없음,승용,남,58세,경상,35.188255,129.068439
164,2020000000000000,2015년 8월 2일 21시,일요일,부산광역시 연제구 거제동,경상사고,0,0,1,0,차대사람 - 길가장자리구역통행중,안전운전불이행,포장 - 건조,맑음,단일로 - 기타,승합,남,60세,상해없음,보행자,여,32세,경상,35.181867,129.066082
165,2020000000000000,2015년 8월 8일 08시,토요일,부산광역시 연제구 연산동,중상사고,0,1,0,0,차대차 - 추돌 - 주정차중,안전운전불이행,포장 - 건조,맑음,단일로 - 기타,승용,남,26세,상해없음,승용,남,54세,중상,35.187725,129.10267
166,2020000000000000,2015년 8월 29일 05시,토요일,부산광역시 연제구 연산동,중상사고,0,1,1,0,차대차 - 측면직각충돌,신호위반,포장 - 건조,맑음,교차로 - 교차로안,승용,남,32세,상해없음,승용,남,28세,경상,35.186168,129.081873
167,2020000000000000,2015년 8월 29일 08시,토요일,부산광역시 연제구 연산동,경상사고,0,0,1,0,차대차 - 추돌 - 주정차중,안전운전불이행,포장 - 건조,맑음,단일로 - 기타,승용,남,24세,상해없음,승용,여,36세,상해없음,35.185287,129.088532
168,2020000000000000,2015년 9월 17일 04시,목요일,부산광역시 연제구 연산동,경상사고,0,0,1,0,차대차 - 추돌 - 주정차중,안전운전불이행,포장 - 습기,비,단일로 - 기타,승용,남,56세,상해없음,승용,남,26세,경상,35.175266,129.081968
169,2020000000000000,2015년 9월 21일 05시,월요일,부산광역시 연제구 연산동,중상사고,0,1,0,0,차대차 - 추돌 - 진행중,안전운전불이행,포장 - 건조,맑음,교차로 - 교차로부근,승용,남,33세,상해없음,승용,남,39세,중상,35.175263,129.082047
170,2020000000000000,2015년 9월 26일 16시,토요일,부산광역시 연제구 연산동,중상사고,0,1,0,0,차대사람 - 길가장자리구역통행중,안전운전불이행,포장 - 건조,맑음,교차로 - 교차로부근,승용,남,45세,상해없음,보행자,여,63세,중상,35.174798,129.075667
171,2020000000000000,2015년 9월 28일 04시,월요일,부산광역시 연제구 거제동,중상사고,0,1,1,0,차대차 - 측면직각충돌,신호위반,포장 - 건조,맑음,교차로 - 교차로안,승용,남,26세,상해없음,승용,여,56세,경상,35.194004,129.079716
172,2020000000000000,2015년 10월 14일 00시,수요일,부산광역시 연제구 거제동,중상사고,0,2,0,0,차대차 - 측면직각충돌,신호위반,포장 - 건조,맑음,교차로 - 교차로안,승용,남,41세,상해없음,승용,남,60세,중상,35.189618,129.071909
173,2020000000000000,2015년 10월 22일 21시,목요일,부산광역시 연제구 연산동,중상사고,0,1,0,0,차대차 - 추돌 - 진행중,불법유턴,포장 - 건조,맑음,단일로 - 기타,승용,남,25세,상해없음,승용,남,52세,중상,35.185959,129.10715
174,2020000000000000,2015년 10월 28일 01시,수요일,부산광역시 연제구 연산동,경상사고,0,0,1,0,차대차 - 측면직각충돌,신호위반,포장 - 건조,맑음,교차로 - 교차로안,원동기,남,19세,상해없음,승용,남,34세,경상,35.190476,129.087422
175,2020000000000000,2015년 11월 6일 01시,금요일,부산광역시 연제구 연산동,경상사고,0,0,1,0,차대차 - 측면직각충돌,안전운전불이행,포장 - 건조,맑음,교차로 - 교차로부근,승용,남,35세,상해없음,이륜,남,23세,경상,35.189145,129.085628
176,2020000000000000,2015년 11월 7일 23시,토요일,부산광역시 연제구 연산동,경상사고,0,0,1,0,차대차 - 추돌 - 진행중,안전거리미확보,포장 - 습기,비,단일로 - 기타,승용,여,41세,상해없음,승용,남,58세,경상,35.185483,129.082156
177,2020000000000000,2015년 11월 8일 00시,일요일,부산광역시 연제구 연산동,경상사고,0,0,1,1,차대차 - 추돌 - 진행중,안전거리미확보,포장 - 습기,비,교차로 - 교차로부근,승용,남,55세,상해없음,승용,남,33세,경상,35.184361,129.113704
178,2020000000000000,2015년 11월 8일 07시,일요일,부산광역시 연제구 연산동,경상사고,0,0,1,0,차대차 - 정면충돌,중앙선침범,포장 - 건조,흐림,교차로 - 교차로안,이륜,남,22세,경상,승용,남,49세,상해없음,35.182837,129.087253
179,2020000000000000,2015년 11월 9일 23시,월요일,부산광역시 연제구 연산동,중상사고,0,1,2,0,차대차 - 측면직각충돌,안전운전불이행,포장 - 건조,흐림,단일로 - 기타,승용,남,37세,상해없음,승용,남,53세,경상,35.190281,129.105598
180,2020000000000000,2015년 11월 10일 15시,화요일,부산광역시 연제구 거제동,경상사고,0,0,2,0,차대차 - 추돌 - 진행중,안전거리미확보,포장 - 건조,맑음,단일로 - 기타,승용,남,36세,상해없음,승용,남,25세,경상,35.188215,129.075082
181,2020000000000000,2015년 11월 11일 21시,수요일,부산광역시 연제구 연산동,경상사고,0,0,1,0,차대차 - 추돌 - 주정차중,안전거리미확보,포장 - 건조,흐림,단일로 - 기타,승용,남,37세,상해없음,승용,남,46세,경상,35.187939,129.109935
182,2020000000000000,2015년 11월 18일 04시,수요일,부산광역시 연제구 연산동,경상사고,0,0,1,0,차대차 - 추돌 - 주정차중,안전운전불이행,포장 - 습기,비,교차로 - 교차로부근,승용,남,34세,상해없음,승용,남,58세,경상,35.175266,129.081992
183,2020000000000000,2015년 11월 23일 16시,월요일,부산광역시 연제구 거제동,경상사고,0,0,1,0,차대사람 - 차도통행중,신호위반,포장 - 건조,맑음,단일로 - 기타,원동기,여,57세,상해없음,보행자,여,66세,경상,35.183556,129.073527
184,2020000000000000,2015년 12월 6일 04시,일요일,부산광역시 연제구 연산동,중상사고,0,3,1,0,차대사람 - 횡단중,안전운전불이행,포장 - 건조,맑음,단일로 - 횡단보도상,이륜,남,20세,상해없음,보행자,남,68세,중상,35.18682,129.082619
185,2020000000000000,2015년 12월 10일 00시,목요일,부산광역시 연제구 거제동,경상사고,0,0,2,0,차대차 - 추돌 - 진행중,안전운전불이행,포장 - 건조,맑음,단일로 - 기타,승용,남,27세,상해없음,승용,남,64세,경상,35.182013,129.08353
186,2020000000000000,2015년 12월 11일 23시,금요일,부산광역시 연제구 거제동,경상사고,0,0,4,0,차대차 - 측면직각충돌,안전운전불이행,포장 - 건조,맑음,단일로 - 기타,승용,남,41세,상해없음,승용,여,38세,경상,35.175744,129.06776
187,2020000000000000,2015년 12월 23일 04시,수요일,부산광역시 연제구 연산동,중상사고,0,1,0,0,차대차 - 추돌 - 진행중,중앙선침범,포장 - 습기,비,교차로 - 교차로부근,승용,여,37세,상해없음,승합,남,61세,중상,35.18574,129.087299
188,2016010900100077,2016년 1월 9일 04시,토요일,부산광역시 연제구 연산동,경상사고,0,0,1,0,차대차 - 측면직각충돌,안전운전불이행,포장 - 건조,맑음,교차로 - 교차로부근,승용,남,43세,상해없음,승용,남,44세,경상,35.187894,129.106866
189,2016011600100524,2016년 1월 16일 20시,토요일,부산광역시 연제구 연산동,경상사고,0,0,5,0,차대차 - 추돌 - 진행중,안전운전불이행,포장 - 건조,맑음,교차로 - 교차로부근,승용,남,50세,상해없음,승용,남,46세,경상,35.186561,129.082247
190,2016012200100184,2016년 1월 22일 10시,금요일,부산광역시 연제구 연산동,경상사고,0,0,1,0,차대차 - 측면직각충돌,안전운전불이행,포장 - 건조,맑음,교차로 - 교차로안,승용,남,32세,상해없음,승용,남,35세,경상,35.186087,129.081833
191,2016012400100005,2016년 1월 24일 00시,일요일,부산광역시 연제구 연산동,중상사고,0,1,1,0,차대차 - 측면직각충돌,안전운전불이행,포장 - 건조,맑음,교차로 - 교차로부근,승용,남,22세,상해없음,승용,남,52세,중상,35.185453,129.081182
192,2016012500100017,2016년 1월 25일 02시,월요일,부산광역시 연제구 거제동,중상사고,0,2,2,0,차대차 - 측면직각충돌,신호위반,포장 - 건조,맑음,교차로 - 교차로안,승용,남,23세,상해없음,승용,남,61세,경상,35.191521,129.080245
193,2016012600100030,2016년 1월 26일 02시,화요일,부산광역시 연제구 연산동,경상사고,0,0,1,0,차대차 - 추돌 - 진행중,안전운전불이행,포장 - 건조,맑음,단일로 - 기타,승용,남,33세,상해없음,승용,남,24세,경상,35.178329,129.075519
194,2016012800100657,2016년 1월 28일 23시,목요일,부산광역시 연제구 연산동,중상사고,0,1,0,0,차대사람 - 기타,안전운전불이행,포장 - 습기,비,교차로 - 교차로안,승용,남,42세,상해없음,보행자,여,54세,중상,35.182907,129.087224
195,2016020300100049,2016년 2월 3일 03시,수요일,부산광역시 연제구 거제동,경상사고,0,0,1,0,차대차 - 측면직각충돌,안전운전불이행,포장 - 건조,맑음,교차로 - 교차로부근,승용,남,33세,상해없음,승용,남,61세,경상,35.19102,129.068111
196,2016021000100032,2016년 2월 10일 02시,수요일,부산광역시 연제구 연산동,중상사고,0,3,0,0,차대차 - 측면직각충돌,신호위반,포장 - 건조,맑음,교차로 - 교차로안,승용,남,37세,상해없음,승용,남,33세,중상,35.187624,129.077184
197,2016021900100541,2016년 2월 19일 22시,금요일,부산광역시 연제구 연산동,경상사고,0,0,2,0,차대차 - 측면직각충돌,안전운전불이행,포장 - 건조,맑음,교차로 - 교차로안,승용,남,51세,상해없음,승용,남,35세,경상,35.177478,129.107249
198,2016032600100115,2016년 3월 26일 06시,토요일,부산광역시 연제구 연산동,경상사고,0,0,1,0,차대차 - 측면직각충돌,중앙선침범,포장 - 건조,맑음,단일로 - 기타,이륜,남,17세,기타불명,승용,남,55세,경상,35.181665,129.107161
199,2016040500100043,2016년 4월 5일 05시,화요일,부산광역시 연제구 거제동,경상사고,0,0,2,0,차대차 - 추돌 - 진행중,안전운전불이행,포장 - 건조,맑음,교차로 - 교차로부근,화물,남,23세,상해없음,승용,남,64세,경상,35.188183,129.07363
200,2016040700100013,2016년 4월 7일 00시,목요일,부산광역시 연제구 연산동,경상사고,0,0,5,0,차대차 - 추돌 - 진행중,안전운전불이행,포장 - 습기,비,단일로 - 기타,승용,남,41세,상해없음,승용,남,71세,경상,35.186783,129.079638
201,2016040700100014,2016년 4월 7일 00시,목요일,부산광역시 연제구 거제동,경상사고,0,0,2,0,차대차 - 추돌 - 진행중,안전운전불이행,포장 - 습기,비,교차로 - 교차로부근,승용,남,49세,상해없음,승용,남,63세,경상,35.188869,129.07326
202,2016040800100034,2016년 4월 8일 02시,금요일,부산광역시 연제구 연산동,경상사고,0,0,1,0,차대차 - 추돌 - 진행중,안전운전불이행,포장 - 건조,맑음,교차로 - 교차로부근,승용,남,23세,상해없음,승용,남,63세,경상,35.184528,129.109115
203,2016041600100098,2016년 4월 16일 05시,토요일,부산광역시 연제구 연산동,중상사고,0,1,1,0,차대차 - 측면직각충돌,안전거리미확보,포장 - 건조,맑음,단일로 - 기타,이륜,남,18세,경상,승용,남,62세,상해없음,35.189189,129.085674
204,2016042400100022,2016년 4월 24일 01시,일요일,부산광역시 연제구 연산동,경상사고,0,0,1,0,차대사람 - 기타,안전운전불이행,포장 - 건조,맑음,교차로 - 교차로부근,승용,남,19세,상해없음,보행자,남,17세,경상,35.187745,129.082182
205,2016051400100003,2016년 5월 14일 00시,토요일,부산광역시 연제구 연산동,중상사고,0,1,0,0,차대차 - 추돌 - 진행중,안전운전불이행,포장 - 건조,맑음,교차로 - 교차로안,승용,남,33세,상해없음,이륜,남,54세,중상,35.191275,129.099656
206,2016052000100021,2016년 5월 20일 01시,금요일,부산광역시 연제구 연산동,중상사고,0,1,0,0,차대차 - 추돌 - 진행중,기타,포장 - 건조,맑음,단일로 - 기타,원동기,남,38세,중상,승용,남,50세,기타불명,35.180246,129.076967
207,2016052800100008,2016년 5월 28일 00시,토요일,부산광역시 연제구 연산동,경상사고,0,0,1,0,차대차 - 추돌 - 진행중,안전운전불이행,포장 - 건조,맑음,단일로 - 기타,승용,남,44세,상해없음,승용,남,52세,상해없음,35.178468,129.107974
208,2016052900100101,2016년 5월 29일 07시,일요일,부산광역시 연제구 거제동,중상사고,0,1,0,0,차대차 - 측면직각충돌,신호위반,포장 - 습기,비,교차로 - 교차로안,승용,남,30세,상해없음,원동기,남,29세,중상,35.185704,129.071265
209,2016060200100077,2016년 6월 2일 07시,목요일,부산광역시 연제구 연산동,경상사고,0,0,2,0,차대차 - 추돌 - 진행중,안전운전불이행,포장 - 건조,맑음,단일로 - 기타,승용,남,49세,상해없음,승용,여,52세,경상,35.185685,129.096884
210,2016060300100116,2016년 6월 3일 08시,금요일,부산광역시 연제구 연산동,중상사고,0,1,4,0,차대차 - 추돌 - 진행중,안전거리미확보,포장 - 건조,맑음,단일로 - 기타,승용,남,28세,상해없음,승용,남,40세,중상,35.173938,129.092254
211,2016062900100600,2016년 6월 29일 23시,수요일,부산광역시 연제구 연산동,경상사고,0,0,1,0,차대차 - 측면직각충돌,안전운전불이행,포장 - 건조,맑음,단일로 - 기타,승용,남,46세,상해없음,승용,남,43세,상해없음,35.187037,129.082848
212,2016082000100383,2016년 8월 20일 16시,토요일,부산광역시 연제구 연산동,경상사고,0,0,2,0,차대차 - 측면직각충돌,안전운전불이행,포장 - 건조,맑음,단일로 - 기타,승용,남,51세,상해없음,승용,남,30세,경상,35.1883,129.081074
213,2016082700100091,2016년 8월 27일 05시,토요일,부산광역시 연제구 거제동,중상사고,0,1,2,0,차대차 - 추돌 - 진행중,안전운전불이행,포장 - 건조,흐림,교차로 - 교차로부근,승용,남,32세,상해없음,승용,남,55세,경상,35.188512,129.074141
214,2016090300100213,2016년 9월 3일 10시,토요일,부산광역시 연제구 연산동,중상사고,0,1,3,0,차대차 - 추돌 - 진행중,안전운전불이행,포장 - 건조,맑음,교차로 - 교차로부근,승용,남,26세,상해없음,화물,남,36세,상해없음,35.174653,129.086486
215,2016091700100115,2016년 9월 17일 05시,토요일,부산광역시 연제구 연산동,중상사고,0,2,0,0,차대차 - 추돌 - 진행중,안전운전불이행,포장 - 습기,비,단일로 - 기타,승용,남,19세,상해없음,승용,남,60세,중상,35.188999,129.080894
216,2016091800100334,2016년 9월 18일 19시,일요일,부산광역시 연제구 연산동,경상사고,0,0,1,0,차대차 - 추돌 - 진행중,안전운전불이행,포장 - 습기,흐림,단일로 - 기타,승용,남,43세,상해없음,승용,남,59세,경상,35.187704,129.102389
217,2016092100100020,2016년 9월 21일 01시,수요일,부산광역시 연제구 연산동,중상사고,0,2,3,0,차대차 - 추돌 - 진행중,안전운전불이행,포장 - 건조,맑음,교차로 - 교차로부근,승용,여,56세,상해없음,승용,남,54세,중상,35.175249,129.082088
218,2016092900100332,2016년 9월 29일 14시,목요일,부산광역시 연제구 연산동,경상사고,0,0,2,0,차대차 - 기타,안전운전불이행,포장 - 건조,맑음,교차로 - 교차로부근,승용,여,54세,상해없음,승용,남,64세,경상,35.181662,129.083692
219,2016100500100007,2016년 10월 5일 00시,수요일,부산광역시 연제구 연산동,경상사고,0,0,4,0,차대차 - 추돌 - 진행중,교차로운행방법위반,포장 - 습기,비,교차로 - 교차로안,승용,남,64세,경상,승용,남,28세,경상,35.180686,129.080424
220,2016100500100205,2016년 10월 5일 10시,수요일,부산광역시 연제구 연산동,경상사고,0,0,2,0,차대차 - 측면직각충돌,안전운전불이행,포장 - 습기,비,단일로 - 기타,승용,남,24세,기타불명,화물,남,63세,경상,35.177071,129.089352
221,2016101200100120,2016년 10월 12일 08시,수요일,부산광역시 연제구 연산동,경상사고,0,0,1,0,차대차 - 추돌 - 진행중,교차로운행방법위반,포장 - 건조,맑음,교차로 - 교차로부근,승용,남,30세,상해없음,승용,남,45세,경상,35.185796,129.083876
222,2016102500100700,2016년 10월 25일 23시,화요일,부산광역시 연제구 연산동,중상사고,0,1,0,0,차대차 - 측면직각충돌,신호위반,포장 - 건조,맑음,단일로 - 횡단보도상,승용,남,28세,상해없음,이륜,남,20세,중상,35.18677,129.082628
223,2016110900100046,2016년 11월 9일 05시,수요일,부산광역시 연제구 연산동,경상사고,0,0,1,0,차대차 - 추돌 - 진행중,안전운전불이행,포장 - 건조,맑음,단일로 - 기타,승용,남,45세,상해없음,승용,남,61세,경상,35.179019,129.076039
224,2016112000100078,2016년 11월 20일 05시,일요일,부산광역시 연제구 연산동,경상사고,0,0,3,0,차대차 - 측면직각충돌,신호위반,포장 - 건조,맑음,교차로 - 교차로안,승용,남,46세,상해없음,승용,남,52세,경상,35.186083,129.081782
225,2016112600100104,2016년 11월 26일 06시,토요일,부산광역시 연제구 연산동,중상사고,0,1,0,0,차량단독 - 기타,안전운전불이행,포장 - 건조,맑음,교차로 - 교차로부근,승용,남,22세,상해없음,,,,,35.190633,129.090289
226,2016112800100647,2016년 11월 28일 22시,월요일,부산광역시 연제구 연산동,경상사고,0,0,2,0,차대차 - 측면직각충돌,안전운전불이행,포장 - 건조,맑음,단일로 - 기타,화물,남,40세,상해없음,승용,여,40세,경상,35.18305,129.107164
227,2016121400100525,2016년 12월 14일 23시,수요일,부산광역시 연제구 연산동,경상사고,0,0,1,0,차대차 - 추돌 - 진행중,안전운전불이행,포장 - 건조,맑음,단일로 - 터널,승용,남,24세,상해없음,승용,남,22세,경상,35.187896,129.08407
228,2016122800100505,2016년 12월 28일 19시,수요일,부산광역시 연제구 거제동,경상사고,0,0,2,0,차대차 - 추돌 - 진행중,안전운전불이행,포장 - 건조,맑음,단일로 - 기타,승용,여,47세,상해없음,승용,여,57세,경상,35.19184,129.086181
229,2017010800100070,2017년 1월 8일 03시,일요일,부산광역시 연제구 연산동,경상사고,0,0,1,0,차대차 - 추돌,안전거리미확보,포장 - 젖음/습기,비,교차로 - 교차로부근,승용,남,46세,상해없음,승용,남,61세,상해없음,35.185953,129.082462
230,2017011000100530,2017년 1월 10일 23시,화요일,부산광역시 연제구 연산동,중상사고,0,1,0,0,차대사람 - 횡단중,안전운전불이행,포장 - 건조,맑음,단일로 - 기타,승용,남,29세,상해없음,보행자,남,43세,중상,35.184459,129.083567
231,2017011500100450,2017년 1월 15일 22시,일요일,부산광역시 연제구 연산동,경상사고,0,0,4,0,차대차 - 추돌,안전운전불이행,포장 - 건조,맑음,단일로 - 기타,승용,남,36세,상해없음,승용,남,53세,경상,35.187705,129.102516
232,2017012200100070,2017년 1월 22일 05시,일요일,부산광역시 연제구 연산동,경상사고,0,0,1,0,차대차 - 정면충돌,교차로운행방법위반,포장 - 건조,맑음,교차로 - 교차로부근,승용,남,49세,상해없음,승용,남,35세,경상,35.187886,129.107145
233,2017012300100660,2017년 1월 23일 23시,월요일,부산광역시 연제구 연산동,중상사고,0,1,1,0,차대차 - 추돌,안전운전불이행,포장 - 건조,맑음,단일로 - 기타,승용,남,37세,상해없음,승용,여,49세,중상,35.18796,129.097335
234,2017012800100010,2017년 1월 28일 00시,토요일,부산광역시 연제구 거제동,중상사고,0,1,0,0,차대차 - 정면충돌,중앙선침범,포장 - 건조,맑음,교차로 - 교차로안,승용,남,37세,상해없음,승용,남,30세,중상,35.188485,129.074036
235,2017020900100490,2017년 2월 9일 22시,목요일,부산광역시 연제구 연산동,중상사고,0,1,0,0,차대차 - 추돌,안전운전불이행,포장 - 건조,맑음,단일로 - 기타,승용,남,45세,상해없음,승용,남,56세,중상,35.189166,129.085634
236,2017021800100020,2017년 2월 18일 00시,토요일,부산광역시 연제구 연산동,중상사고,0,1,0,0,차대차 - 추돌,안전거리미확보,포장 - 건조,맑음,단일로 - 기타,승용,남,37세,상해없음,이륜,남,49세,중상,35.179993,129.107138
237,2017030200100490,2017년 3월 2일 22시,목요일,부산광역시 연제구 연산동,경상사고,0,0,1,0,차대차 - 측면충돌,교차로운행방법위반,포장 - 건조,맑음,교차로 - 교차로안,승용,남,55세,상해없음,승용,남,35세,경상,35.18611,129.107969
238,2017031000100610,2017년 3월 10일 23시,금요일,부산광역시 연제구 거제동,경상사고,0,0,1,0,차대차 - 측면충돌,안전거리미확보,포장 - 건조,맑음,단일로 - 기타,승용,남,66세,상해없음,이륜,남,17세,경상,35.18971,129.078691
239,2017041900100120,2017년 4월 19일 08시,수요일,부산광역시 연제구 연산동,경상사고,0,0,1,0,차대차 - 측면충돌,중앙선침범,포장 - 건조,맑음,단일로 - 기타,승용,여,42세,상해없음,승용,남,56세,경상,35.186353,129.093284
240,2017051600100260,2017년 5월 16일 12시,화요일,부산광역시 연제구 연산동,경상사고,0,0,1,0,차대차 - 측면충돌,안전운전불이행,포장 - 건조,맑음,단일로 - 기타,승용,남,61세,상해없음,승용,남,62세,경상,35.184854,129.080672
241,2017051800100030,2017년 5월 18일 01시,목요일,부산광역시 연제구 연산동,중상사고,0,1,0,0,차대차 - 측면충돌,신호위반,포장 - 건조,맑음,교차로 - 교차로안,승용,남,26세,상해없음,승용,남,61세,상해없음,35.186142,129.081795
242,2017052400100100,2017년 5월 24일 07시,수요일,부산광역시 연제구 거제동,경상사고,0,0,3,0,차대차 - 추돌,기타,포장 - 건조,맑음,단일로 - 기타,승용,남,40세,상해없음,승용,여,56세,경상,35.190109,129.067783
243,2017053000100040,2017년 5월 30일 03시,화요일,부산광역시 연제구 연산동,중상사고,0,1,0,0,차대차 - 측면충돌,안전운전불이행,포장 - 건조,맑음,단일로 - 기타,승용,여,42세,상해없음,승용,남,47세,중상,35.182312,129.07873
244,2017060400100320,2017년 6월 4일 16시,일요일,부산광역시 연제구 거제동,중상사고,0,1,1,0,차대차 - 추돌,안전운전불이행,포장 - 건조,맑음,교차로 - 교차로부근,승용,남,46세,상해없음,승용,남,57세,경상,35.18855,129.073223
245,2017060400100480,2017년 6월 4일 22시,일요일,부산광역시 연제구 연산동,중상사고,0,1,0,0,차대사람 - 길가장자리구역통행중,안전운전불이행,포장 - 건조,맑음,단일로 - 기타,화물,남,38세,상해없음,보행자,남,51세,상해없음,35.18718,129.082266
246,2017061700100090,2017년 6월 17일 05시,토요일,부산광역시 연제구 거제동,중상사고,0,1,2,0,차대차 - 측면충돌,신호위반,포장 - 건조,맑음,교차로 - 교차로안,승용,여,28세,상해없음,승합,남,47세,중상,35.195692,129.080182
247,2017061900100540,2017년 6월 19일 19시,월요일,부산광역시 연제구 거제동,경상사고,0,0,1,0,차대차 - 측면충돌,안전운전불이행,포장 - 건조,맑음,단일로 - 기타,승용,여,50세,상해없음,승용,남,29세,경상,35.198787,129.078541
248,2017062200100530,2017년 6월 22일 20시,목요일,부산광역시 연제구 거제동,경상사고,0,0,1,0,차대차 - 측면충돌,안전운전불이행,포장 - 건조,맑음,교차로 - 교차로부근,화물,남,55세,상해없음,화물,남,31세,경상,35.179846,129.071588
249,2017070100100360,2017년 7월 1일 16시,토요일,부산광역시 연제구 연산동,중상사고,0,1,2,0,차대차 - 추돌,안전운전불이행,포장 - 건조,맑음,단일로 - 기타,승용,남,41세,상해없음,승용,여,49세,중상,35.188535,129.095311
250,2017071500100600,2017년 7월 15일 23시,토요일,부산광역시 연제구 연산동,경상사고,0,0,4,0,차대차 - 추돌,안전운전불이행,포장 - 건조,맑음,단일로 - 기타,승용,남,27세,상해없음,승용,남,30세,경상,35.179253,129.076253
251,2017072800100120,2017년 7월 28일 07시,금요일,부산광역시 연제구 연산동,경상사고,0,0,3,0,차대차 - 추돌,안전거리미확보,포장 - 기타,기타,기타 - 기타,승용,남,23세,상해없음,승용,남,60세,경상,35.174286,129.089281
252,2017072800100590,2017년 7월 28일 21시,금요일,부산광역시 연제구 거제동,중상사고,0,1,0,0,차대사람 - 횡단중,중앙선침범,포장 - 건조,맑음,단일로 - 기타,승용,여,32세,상해없음,보행자,여,49세,중상,35.182026,129.071611
253,2017080600100130,2017년 8월 6일 10시,일요일,부산광역시 연제구 연산동,경상사고,0,0,1,2,차대차 - 추돌,안전운전불이행,포장 - 건조,맑음,단일로 - 기타,승용,남,23세,상해없음,승용,남,73세,부상신고,35.174379,129.08899
254,2017080900100020,2017년 8월 9일 00시,수요일,부산광역시 연제구 연산동,경상사고,0,0,2,0,차대차 - 추돌,안전운전불이행,포장 - 건조,맑음,교차로 - 교차로부근,승용,남,39세,상해없음,승용,남,38세,경상,35.185967,129.08252
255,2017081100100150,2017년 8월 11일 09시,금요일,부산광역시 연제구 연산동,경상사고,0,0,1,0,차대사람 - 횡단중,안전운전불이행,포장 - 기타,기타,기타 - 기타,승용,남,28세,상해없음,보행자,여,71세,경상,35.189264,129.0844
256,2017081500100040,2017년 8월 15일 01시,화요일,부산광역시 연제구 연산동,중상사고,0,1,2,0,차대차 - 정면충돌,안전운전불이행,포장 - 젖음/습기,비,교차로 - 교차로부근,승용,남,58세,상해없음,승용,남,49세,경상,35.180496,129.107146
257,2017083100100050,2017년 8월 31일 03시,목요일,부산광역시 연제구 연산동,중상사고,0,1,1,0,차대차 - 측면충돌,안전운전불이행,포장 - 건조,맑음,단일로 - 기타,승용,남,25세,기타불명,승용,남,55세,중상,35.187866,129.083949
258,2017090700100600,2017년 9월 7일 23시,목요일,부산광역시 연제구 거제동,경상사고,0,0,1,0,차대차 - 추돌,안전운전불이행,포장 - 건조,맑음,교차로 - 교차로부근,승용,여,37세,상해없음,승용,남,21세,경상,35.196202,129.079933
259,2017090700100600,2017년 9월 7일 23시,목요일,부산광역시 연제구 거제동,경상사고,0,0,1,0,차대차 - 추돌,안전운전불이행,포장 - 건조,맑음,단일로 - 기타,승용,남,51세,상해없음,승용,남,51세,경상,35.190523,129.077181
260,2017091500100690,2017년 9월 15일 22시,금요일,부산광역시 연제구 거제동,중상사고,0,1,0,0,차대사람 - 길가장자리구역통행중,안전운전불이행,포장 - 건조,맑음,단일로 - 기타,승용,여,40세,상해없음,보행자,여,28세,중상,35.182702,129.071487
261,2017101800100610,2017년 10월 18일 23시,수요일,부산광역시 연제구 연산동,중상사고,0,1,3,0,차대차 - 추돌,안전운전불이행,포장 - 건조,맑음,단일로 - 기타,승용,남,26세,상해없음,승용,남,44세,중상,35.178937,129.075964
262,2017102200100480,2017년 10월 22일 19시,일요일,부산광역시 연제구 연산동,경상사고,0,0,1,0,차대차 - 기타,안전운전불이행,포장 - 건조,맑음,단일로 - 기타,승용,남,70세,상해없음,승용,남,26세,경상,35.174283,129.094251
263,2017111600100020,2017년 11월 16일 00시,목요일,부산광역시 연제구 거제동,부상신고사고,0,0,0,2,차대차 - 후진중충돌,안전운전불이행,포장 - 건조,맑음,단일로 - 기타,승용,남,39세,상해없음,승용,남,27세,부상신고,35.179941,129.067922
264,2017112200100050,2017년 11월 22일 02시,수요일,부산광역시 연제구 연산동,경상사고,0,0,1,0,차대차 - 측면충돌,안전거리미확보,포장 - 건조,맑음,단일로 - 기타,승용,남,23세,상해없음,승용,남,59세,경상,35.182029,129.073275
265,2017113000100050,2017년 11월 30일 02시,목요일,부산광역시 연제구 연산동,중상사고,0,1,1,0,차대차 - 측면충돌,신호위반,포장 - 건조,맑음,교차로 - 교차로안,승용,남,47세,상해없음,승용,남,55세,경상,35.17883,129.075906
266,2017120700100110,2017년 12월 7일 07시,목요일,부산광역시 연제구 연산동,경상사고,0,0,2,0,차대차 - 추돌,안전운전불이행,포장 - 건조,맑음,단일로 - 기타,승용,남,32세,상해없음,승용,남,57세,경상,35.184753,129.082446
267,2017120800100710,2017년 12월 8일 23시,금요일,부산광역시 연제구 연산동,중상사고,0,1,2,0,차대차 - 추돌,안전운전불이행,포장 - 건조,맑음,교차로 - 교차로부근,화물,남,40세,상해없음,승용,여,47세,경상,35.179761,129.076416
